OBJECTID,GEOID,B25004e1,B25004m1,B25004e2,B25004m2,B25004e6,B25004m6
"1",14000US47001020100,296,110,135,82,24,38
"2",14000US47001020201,187,108,69,74,38,50
"3",14000US47001020202,343,144,39,61,0,12
"4",14000US47001020300,274,107,14,27,27,42
"5",14000US47001020400,410,161,50,79,0,12
"6",14000US47001020500,314,106,24,37,0,12
"7",14000US47001020600,104,45,0,12,28,31
"8",14000US47001020700,169,65,0,12,10,15
"9",14000US47001020800,234,114,25,24,61,72
"10",14000US47001020901,587,175,14,22,155,110
"11",14000US47001020902,182,130,68,88,0,17
"12",14000US47001021000,122,105,0,17,0,17
"13",14000US47001021100,162,81,0,12,0,12
"14",14000US47001021201,182,94,30,47,30,48
"15",14000US47001021202,385,181,0,17,56,76
"16",14000US47001021301,235,93,30,45,0,12
"17",14000US47001021302,244,109,93,65,0,17
"18",14000US47001980100,0,12,0,12,0,12
"19",14000US47003950100,127,81,0,12,36,44
"20",14000US47003950200,358,154,0,17,47,73
"21",14000US47003950300,250,102,0,12,28,43
"22",14000US47003950401,177,101,46,52,23,36
"23",14000US47003950402,233,141,54,85,0,17
"24",14000US47003950500,337,166,155,116,0,17
"25",14000US47003950600,384,172,225,130,39,65
"26",14000US47003950700,107,57,6,10,0,12
"27",14000US47003950800,131,62,0,12,0,12
"28",14000US47005963000,703,129,34,45,511,121
"29",14000US47005963100,511,104,0,12,210,91
"30",14000US47005963200,475,106,26,28,129,58
"31",14000US47005963300,243,110,30,44,30,48
"32",14000US47005963400,421,122,0,12,57,45
"33",14000US47007953000,278,107,0,12,129,82
"34",14000US47007953100,279,91,62,43,78,66
"35",14000US47007953200,312,104,0,12,82,64
"36",14000US47009010100,185,104,0,12,0,12
"37",14000US47009010200,134,110,0,17,0,17
"38",14000US47009010301,443,186,122,114,107,103
"39",14000US47009010302,152,65,0,12,48,38
"40",14000US47009010400,170,71,5,8,14,13
"41",14000US47009010500,115,76,21,30,23,38
"42",14000US47009010600,193,97,48,53,67,58
"43",14000US47009010700,195,100,0,17,24,36
"44",14000US47009010800,179,89,0,12,43,46
"45",14000US47009010900,316,153,0,17,0,17
"46",14000US47009011001,378,175,109,105,67,76
"47",14000US47009011002,173,81,9,14,59,63
"48",14000US47009011101,236,133,0,17,52,82
"49",14000US47009011102,188,134,0,17,95,103
"50",14000US47009011200,479,206,56,71,46,73
"51",14000US47009011301,136,99,0,17,54,66
"52",14000US47009011302,205,123,31,47,73,55
"53",14000US47009011401,495,63,0,12,388,67
"54",14000US47009011402,1185,139,9,13,993,147
"55",14000US47009011501,204,51,14,22,63,42
"56",14000US47009011502,245,85,0,12,24,39
"57",14000US47009011503,339,144,53,81,58,70
"58",14000US47009011602,271,118,0,17,40,64
"59",14000US47009011603,189,67,6,9,8,13
"60",14000US47009011604,71,48,20,35,23,36
"61",14000US47009011605,265,90,0,12,179,82
"62",14000US47009980100,0,12,0,12,0,12
"63",14000US47009980200,11,18,0,12,11,18
"64",14000US47011010100,79,96,0,17,0,17
"65",14000US47011010200,240,153,42,65,34,55
"66",14000US47011010300,203,88,91,70,36,44
"67",14000US47011010400,162,92,79,60,0,12
"68",14000US47011010500,150,77,62,56,0,12
"69",14000US47011010600,123,78,31,38,0,12
"70",14000US47011010700,134,92,15,26,0,12
"71",14000US47011010800,202,108,0,12,31,47
"72",14000US47011010900,139,87,33,52,0,12
"73",14000US47011011000,164,138,0,17,0,17
"74",14000US47011011100,279,146,0,17,0,17
"75",14000US47011011201,206,150,132,129,0,17
"76",14000US47011011202,294,188,37,67,0,17
"77",14000US47011011300,178,121,61,76,0,17
"78",14000US47011011401,185,112,51,77,16,26
"79",14000US47011011402,131,74,70,58,0,12
"80",14000US47011011500,211,121,0,17,38,62
"81",14000US47011011601,263,107,28,39,9,14
"82",14000US47011011602,201,107,54,62,17,26
"83",14000US47013950100,197,85,0,12,0,12
"84",14000US47013950200,240,77,70,53,14,12
"85",14000US47013950300,106,55,0,12,7,10
"86",14000US47013950400,598,147,31,36,263,115
"87",14000US47013950500,388,139,84,58,74,94
"88",14000US47013950600,415,130,183,112,0,12
"89",14000US47013950700,373,154,0,12,19,30
"90",14000US47013950800,240,94,17,28,179,98
"91",14000US47013950900,823,162,42,44,571,139
"92",14000US47013951000,428,91,0,12,303,88
"93",14000US47013951100,970,196,113,113,436,175
"94",14000US47015960100,192,78,0,12,44,48
"95",14000US47015960200,339,140,0,17,22,36
"96",14000US47015960300,113,79,9,16,26,41
"97",14000US47017962000,407,90,40,40,50,50
"98",14000US47017962100,558,181,170,115,77,83
"99",14000US47017962201,261,118,48,61,0,12
"100",14000US47017962202,340,106,88,63,23,36
"101",14000US47017962300,300,105,7,11,4,7
"102",14000US47017962400,190,84,0,12,23,36
"103",14000US47017962500,239,62,0,12,40,32
"104",14000US47017980100,0,12,0,12,0,12
"105",14000US47019070100,150,69,16,25,26,30
"106",14000US47019070200,159,95,0,12,26,40
"107",14000US47019070300,253,162,0,17,0,17
"108",14000US47019070400,106,62,13,20,0,12
"109",14000US47019070500,265,106,42,45,36,46
"110",14000US47019070600,128,98,0,12,0,12
"111",14000US47019070700,236,98,0,12,51,49
"112",14000US47019070800,209,108,22,34,32,51
"113",14000US47019070900,164,87,0,12,0,12
"114",14000US47019071000,248,84,0,12,0,12
"115",14000US47019071100,147,39,8,12,41,36
"116",14000US47019071200,214,88,0,12,0,12
"117",14000US47019071300,446,180,0,17,58,72
"118",14000US47019071400,323,102,21,34,82,67
"119",14000US47019071500,283,93,0,12,142,81
"120",14000US47019071600,460,70,0,12,219,75
"121",14000US47019071700,598,129,0,12,399,117
"122",14000US47021070102,183,89,0,12,0,12
"123",14000US47021070103,93,65,25,37,0,12
"124",14000US47021070104,172,123,0,17,18,28
"125",14000US47021070201,58,67,35,55,0,12
"126",14000US47021070202,163,106,10,14,28,44
"127",14000US47021070203,161,78,0,12,7,11
"128",14000US47021070300,190,85,0,12,35,36
"129",14000US47021070401,87,50,6,6,12,14
"130",14000US47021070402,67,53,15,25,0,17
"131",14000US47023970100,385,140,0,17,73,63
"132",14000US47023970200,161,85,0,17,71,64
"133",14000US47023970300,519,154,0,17,0,17
"134",14000US47025970100,166,101,27,42,27,43
"135",14000US47025970200,210,91,81,70,7,14
"136",14000US47025970300,219,107,31,39,25,40
"137",14000US47025970400,80,32,0,12,4,8
"138",14000US47025970500,149,100,0,12,0,12
"139",14000US47025970600,433,139,29,46,169,106
"140",14000US47025970700,171,96,33,53,0,17
"141",14000US47025970800,248,93,53,47,36,44
"142",14000US47025970900,464,135,63,71,32,40
"143",14000US47027955000,981,163,66,52,601,177
"144",14000US47027955100,320,93,0,12,67,50
"145",14000US47029920100,308,111,0,12,11,18
"146",14000US47029920200,622,185,121,109,0,17
"147",14000US47029920300,304,113,8,12,107,71
"148",14000US47029920400,322,69,24,23,178,66
"149",14000US47029920501,532,212,43,65,165,132
"150",14000US47029920502,299,113,54,85,73,91
"151",14000US47029920600,390,124,65,74,18,30
"152",14000US47029920700,763,160,148,97,337,123
"153",14000US47029980100,0,12,0,12,0,12
"154",14000US47031970100,186,108,33,51,0,12
"155",14000US47031970200,417,162,0,17,93,75
"156",14000US47031970300,164,57,0,12,22,27
"157",14000US47031970400,210,142,0,17,0,17
"158",14000US47031970500,276,170,57,89,114,110
"159",14000US47031970600,178,93,25,35,0,12
"160",14000US47031970700,166,98,0,12,0,12
"161",14000US47031970801,254,129,136,112,24,37
"162",14000US47031970802,175,144,28,42,30,51
"163",14000US47031970900,240,113,89,78,0,12
"164",14000US47031971000,158,135,95,98,0,17
"165",14000US47031980100,0,12,0,12,0,12
"166",14000US47033961000,137,52,0,12,2,3
"167",14000US47033961100,256,96,0,12,0,12
"168",14000US47033961200,90,44,10,12,18,15
"169",14000US47033961300,199,64,18,16,45,35
"170",14000US47033961400,241,79,56,51,7,11
"171",14000US47035970101,272,149,55,85,53,59
"172",14000US47035970102,590,186,22,39,369,161
"173",14000US47035970200,171,142,56,89,58,92
"174",14000US47035970301,224,93,0,12,0,12
"175",14000US47035970302,390,110,35,42,51,38
"176",14000US47035970400,380,189,208,127,0,17
"177",14000US47035970501,137,80,0,12,57,64
"178",14000US47035970502,242,110,55,62,28,46
"179",14000US47035970601,158,100,39,61,25,40
"180",14000US47035970602,217,79,21,34,111,53
"181",14000US47035970603,121,61,13,21,33,33
"182",14000US47035970701,247,68,14,23,157,56
"183",14000US47035970702,364,204,30,45,159,149
"184",14000US47035970800,400,104,55,58,127,80
"185",14000US47037010103,32,33,0,12,0,12
"186",14000US47037010104,161,71,0,12,0,12
"187",14000US47037010105,98,62,0,12,8,13
"188",14000US47037010106,34,38,0,12,0,12
"189",14000US47037010201,95,72,19,22,0,12
"190",14000US47037010202,173,103,57,63,0,12
"191",14000US47037010301,61,67,45,62,0,12
"192",14000US47037010302,92,63,21,26,0,12
"193",14000US47037010303,159,135,159,135,0,17
"194",14000US47037010401,399,172,223,150,0,17
"195",14000US47037010402,221,147,147,116,0,17
"196",14000US47037010501,249,142,73,83,0,17
"197",14000US47037010502,67,75,0,17,44,69
"198",14000US47037010601,136,99,0,17,0,17
"199",14000US47037010602,5,21,0,12,0,12
"200",14000US47037010701,300,130,24,39,0,12
"201",14000US47037010702,273,100,140,73,0,12
"202",14000US47037010801,162,123,86,95,0,17
"203",14000US47037010802,174,95,60,66,0,12
"204",14000US47037010901,194,87,0,12,44,47
"205",14000US47037010903,196,118,91,72,0,17
"206",14000US47037010904,28,33,15,24,0,12
"207",14000US47037011001,289,149,68,78,74,82
"208",14000US47037011002,110,76,0,12,23,37
"209",14000US47037011100,88,71,0,12,8,11
"210",14000US47037011200,277,135,37,58,35,52
"211",14000US47037011300,281,156,71,78,92,92
"212",14000US47037011400,383,198,136,122,0,12
"213",14000US47037011500,70,68,30,46,9,14
"214",14000US47037011600,125,96,28,48,12,20
"215",14000US47037011700,325,186,110,106,0,17
"216",14000US47037011800,179,87,33,42,8,14
"217",14000US47037011900,306,103,97,69,30,48
"218",14000US47037012100,174,96,84,56,40,66
"219",14000US47037012200,269,100,0,12,32,36
"220",14000US47037012600,166,83,68,66,6,9
"221",14000US47037012701,106,108,0,17,0,17
"222",14000US47037012702,161,87,0,12,33,51
"223",14000US47037012801,241,130,0,17,0,17
"224",14000US47037012802,72,57,15,24,0,12
"225",14000US47037013000,14,22,0,12,0,12
"226",14000US47037013100,120,65,14,22,0,12
"227",14000US47037013201,106,76,0,12,30,47
"228",14000US47037013202,125,70,0,12,0,12
"229",14000US47037013300,155,111,53,69,0,12
"230",14000US47037013400,76,78,15,26,15,24
"231",14000US47037013500,57,41,22,28,5,9
"232",14000US47037013601,130,78,52,59,0,12
"233",14000US47037013602,32,29,21,23,0,12
"234",14000US47037013700,227,157,137,130,90,89
"235",14000US47037013800,26,28,0,12,0,12
"236",14000US47037013900,172,70,30,33,0,12
"237",14000US47037014200,198,75,76,56,0,12
"238",14000US47037014300,215,57,79,44,0,12
"239",14000US47037014400,105,58,85,53,10,16
"240",14000US47037014800,53,59,29,47,0,12
"241",14000US47037015100,190,102,80,60,58,62
"242",14000US47037015200,118,72,0,12,44,52
"243",14000US47037015300,138,101,13,21,0,17
"244",14000US47037015401,56,85,0,17,0,17
"245",14000US47037015402,154,88,0,12,0,12
"246",14000US47037015404,284,108,88,73,0,12
"247",14000US47037015405,115,78,0,12,0,12
"248",14000US47037015501,103,86,103,86,0,12
"249",14000US47037015502,118,63,31,30,20,33
"250",14000US47037015609,272,141,164,111,91,105
"251",14000US47037015610,269,149,78,90,0,17
"252",14000US47037015612,432,227,49,75,25,44
"253",14000US47037015613,156,105,51,58,10,15
"254",14000US47037015614,108,73,47,52,0,12
"255",14000US47037015615,80,54,34,37,0,17
"256",14000US47037015617,79,59,0,12,0,12
"257",14000US47037015618,98,87,27,45,35,57
"258",14000US47037015619,157,123,0,17,0,17
"259",14000US47037015620,99,98,56,76,0,17
"260",14000US47037015622,50,54,33,46,0,12
"261",14000US47037015623,180,133,56,88,0,17
"262",14000US47037015624,150,108,69,94,0,17
"263",14000US47037015625,89,98,0,17,0,17
"264",14000US47037015626,233,165,233,165,0,17
"265",14000US47037015627,78,44,0,12,0,12
"266",14000US47037015628,185,97,75,72,0,12
"267",14000US47037015629,85,85,85,85,0,17
"268",14000US47037015630,82,85,0,12,0,12
"269",14000US47037015631,425,187,178,150,18,29
"270",14000US47037015700,34,32,13,22,4,7
"271",14000US47037015802,333,151,252,136,0,17
"272",14000US47037015803,203,81,126,64,0,12
"273",14000US47037015804,219,96,70,65,26,42
"274",14000US47037015900,211,105,111,85,0,12
"275",14000US47037016000,83,43,0,12,18,20
"276",14000US47037016100,57,30,19,22,16,17
"277",14000US47037016200,275,132,52,61,36,37
"278",14000US47037016300,457,177,295,167,121,82
"279",14000US47037016400,336,133,77,69,172,102
"280",14000US47037016500,268,82,71,46,53,41
"281",14000US47037016600,267,170,98,94,25,38
"282",14000US47037016700,374,178,87,91,140,142
"283",14000US47037016800,189,154,110,119,79,95
"284",14000US47037016900,214,143,69,85,0,17
"285",14000US47037017000,388,127,108,78,158,90
"286",14000US47037017100,346,111,128,65,70,65
"287",14000US47037017200,97,67,0,12,16,26
"288",14000US47037017300,122,69,0,12,38,42
"289",14000US47037017401,77,53,30,32,0,12
"290",14000US47037017402,417,202,150,135,53,85
"291",14000US47037017500,83,68,0,12,10,15
"292",14000US47037017701,89,54,20,28,19,28
"293",14000US47037017702,88,66,0,17,56,61
"294",14000US47037017800,339,204,208,162,15,24
"295",14000US47037017901,360,182,109,113,46,75
"296",14000US47037017902,107,101,82,89,0,12
"297",14000US47037018000,460,189,120,116,0,12
"298",14000US47037018101,105,93,89,91,0,17
"299",14000US47037018102,80,50,0,12,9,13
"300",14000US47037018201,30,46,0,12,0,12
"301",14000US47037018202,475,168,78,86,37,59
"302",14000US47037018203,47,37,17,24,14,21
"303",14000US47037018301,213,158,53,84,0,17
"304",14000US47037018302,36,33,0,12,0,12
"305",14000US47037018401,326,148,95,96,0,17
"306",14000US47037018404,89,81,0,12,47,55
"307",14000US47037018405,58,64,27,43,0,12
"308",14000US47037018407,0,17,0,17,0,17
"309",14000US47037018408,81,66,0,12,0,12
"310",14000US47037018409,118,109,0,12,0,12
"311",14000US47037018410,105,79,51,56,0,12
"312",14000US47037018500,66,33,0,12,0,12
"313",14000US47037018601,18,28,0,12,0,12
"314",14000US47037018602,82,57,0,12,0,12
"315",14000US47037018700,147,83,0,12,0,12
"316",14000US47037018801,220,116,17,27,0,17
"317",14000US47037018803,202,105,78,72,51,55
"318",14000US47037018804,21,33,0,17,0,17
"319",14000US47037018901,90,81,29,47,0,12
"320",14000US47037018902,63,55,23,37,0,12
"321",14000US47037018904,221,102,68,62,0,12
"322",14000US47037018905,93,83,57,64,0,12
"323",14000US47037019003,273,97,201,86,0,12
"324",14000US47037019004,37,42,19,31,18,30
"325",14000US47037019005,148,71,31,35,22,35
"326",14000US47037019006,179,88,95,64,0,17
"327",14000US47037019105,271,180,137,100,0,17
"328",14000US47037019106,213,126,98,101,0,12
"329",14000US47037019108,66,62,28,43,0,12
"330",14000US47037019109,109,82,54,60,0,17
"331",14000US47037019110,130,87,99,79,0,12
"332",14000US47037019111,219,104,91,75,20,32
"333",14000US47037019112,119,84,46,52,0,12
"334",14000US47037019114,491,311,277,227,0,19
"335",14000US47037019115,47,46,23,36,0,12
"336",14000US47037019116,232,170,82,108,60,94
"337",14000US47037019117,66,53,0,17,0,17
"338",14000US47037019118,248,138,134,109,0,17
"339",14000US47037019200,189,105,8,12,34,43
"340",14000US47037019300,190,88,140,88,0,12
"341",14000US47037019400,982,303,495,220,129,109
"342",14000US47037019500,2685,494,701,331,818,367
"343",14000US47037019600,302,117,80,65,23,37
"344",14000US47037980100,0,12,0,12,0,12
"345",14000US47037980200,0,12,0,12,0,12
"346",14000US47039955001,742,94,0,12,535,90
"347",14000US47039955002,712,152,32,39,182,91
"348",14000US47039955101,325,62,5,8,176,59
"349",14000US47039955102,691,113,0,12,367,113
"350",14000US47041920101,695,100,13,21,603,105
"351",14000US47041920102,363,92,22,34,206,94
"352",14000US47041920200,329,179,54,83,152,139
"353",14000US47041920300,531,137,13,18,212,113
"354",14000US47043060100,381,111,0,12,47,38
"355",14000US47043060200,511,171,10,17,195,119
"356",14000US47043060300,404,172,35,53,67,75
"357",14000US47043060401,125,60,15,16,12,18
"358",14000US47043060402,195,120,9,17,50,74
"359",14000US47043060501,399,180,74,74,0,17
"360",14000US47043060502,161,79,23,37,0,12
"361",14000US47043060601,97,74,0,12,0,12
"362",14000US47043060602,95,80,0,17,12,20
"363",14000US47043060700,247,117,9,14,63,55
"364",14000US47045964000,283,139,0,17,96,71
"365",14000US47045964200,466,199,105,104,144,126
"366",14000US47045964300,344,147,113,90,33,51
"367",14000US47045964400,155,124,78,89,0,17
"368",14000US47045964500,74,36,14,22,15,21
"369",14000US47045964600,120,65,0,12,9,13
"370",14000US47045964800,173,108,0,12,25,41
"371",14000US47045964900,157,99,0,12,73,81
"372",14000US47047060300,166,60,29,18,10,16
"373",14000US47047060401,161,86,0,12,91,62
"374",14000US47047060402,25,37,0,12,25,37
"375",14000US47047060403,162,80,0,12,31,37
"376",14000US47047060404,141,100,0,17,0,17
"377",14000US47047060501,188,97,25,33,0,12
"378",14000US47047060502,142,87,20,29,28,44
"379",14000US47047060600,286,114,0,12,39,42
"380",14000US47047060701,38,34,15,24,0,12
"381",14000US47047060702,81,39,0,12,14,23
"382",14000US47047060800,128,76,0,12,0,12
"383",14000US47049965000,399,120,0,12,189,84
"384",14000US47049965100,370,114,115,62,27,31
"385",14000US47049965200,635,187,26,43,278,149
"386",14000US47049965300,198,110,27,43,79,64
"387",14000US47051960100,320,130,0,12,93,76
"388",14000US47051960201,494,140,0,17,245,147
"389",14000US47051960202,195,105,0,17,0,17
"390",14000US47051960300,580,92,0,12,380,108
"391",14000US47051960400,255,139,13,22,68,47
"392",14000US47051960500,344,107,22,36,58,57
"393",14000US47051960600,455,167,45,69,71,70
"394",14000US47051960700,271,91,25,39,144,86
"395",14000US47051960800,111,63,0,12,46,44
"396",14000US47053966100,259,59,37,22,12,20
"397",14000US47053966200,163,82,0,12,6,9
"398",14000US47053966300,143,72,0,12,7,12
"399",14000US47053966400,275,142,34,54,83,92
"400",14000US47053966500,470,174,129,121,0,17
"401",14000US47053966600,14,14,0,12,1,3
"402",14000US47053966700,487,205,123,116,0,17
"403",14000US47053966800,85,47,12,18,3,5
"404",14000US47053966900,392,105,25,40,25,42
"405",14000US47053967000,472,206,45,71,0,17
"406",14000US47053967100,149,103,35,58,0,17
"407",14000US47053967300,99,40,5,7,34,28
"408",14000US47053967400,264,93,31,42,42,42
"409",14000US47053980100,0,12,0,12,0,12
"410",14000US47055920100,259,104,0,12,52,58
"411",14000US47055920200,288,109,0,17,68,50
"412",14000US47055920300,614,220,86,90,154,111
"413",14000US47055920400,80,52,0,12,8,13
"414",14000US47055920500,304,117,25,41,24,38
"415",14000US47055920600,159,82,0,12,19,20
"416",14000US47055920700,193,66,0,12,24,22
"417",14000US47055920800,294,80,9,15,16,17
"418",14000US47057500100,310,111,33,31,97,63
"419",14000US47057500200,225,96,8,14,25,29
"420",14000US47057500300,554,139,19,18,230,97
"421",14000US47057500401,271,64,21,19,61,38
"422",14000US47057500402,808,149,77,69,479,132
"423",14000US47059090100,557,171,141,116,37,59
"424",14000US47059090200,138,51,49,40,47,32
"425",14000US47059090300,241,151,92,94,49,79
"426",14000US47059090400,295,138,137,97,13,31
"427",14000US47059090500,586,186,36,57,139,101
"428",14000US47059090600,281,111,9,15,21,32
"429",14000US47059090700,166,75,13,20,12,20
"430",14000US47059090800,352,114,0,12,39,62
"431",14000US47059090900,362,179,0,17,57,91
"432",14000US47059091000,710,227,58,70,137,127
"433",14000US47059091100,273,120,0,12,53,40
"434",14000US47059091200,288,117,15,23,64,58
"435",14000US47059091300,315,142,0,12,74,78
"436",14000US47059091400,307,99,12,15,87,68
"437",14000US47059091500,267,100,0,12,58,52
"438",14000US47061955000,455,84,32,24,127,49
"439",14000US47061955100,285,56,25,20,176,47
"440",14000US47061955200,329,104,14,16,104,68
"441",14000US47061955300,571,153,71,46,154,84
"442",14000US47063100100,252,152,95,104,15,22
"443",14000US47063100200,196,131,30,46,0,17
"444",14000US47063100300,177,96,67,64,0,12
"445",14000US47063100400,259,150,0,17,0,17
"446",14000US47063100500,293,95,64,66,9,15
"447",14000US47063100600,318,158,0,17,0,17
"448",14000US47063100700,384,138,0,17,0,17
"449",14000US47063100800,96,70,0,12,0,12
"450",14000US47063100900,121,81,28,37,14,16
"451",14000US47063101000,148,112,12,22,0,17
"452",14000US47063101100,254,127,43,60,0,17
"453",14000US47063101200,215,121,82,93,32,49
"454",14000US47065000400,261,107,107,72,0,12
"455",14000US47065000600,283,98,19,29,58,65
"456",14000US47065000700,128,95,27,43,30,46
"457",14000US47065000800,141,58,28,31,98,48
"458",14000US47065001100,179,48,41,31,0,12
"459",14000US47065001200,264,118,75,68,0,12
"460",14000US47065001300,134,58,27,30,0,12
"461",14000US47065001400,151,53,79,45,0,12
"462",14000US47065001600,350,138,140,96,0,12
"463",14000US47065001800,266,117,8,12,56,53
"464",14000US47065001900,432,143,162,95,48,56
"465",14000US47065002000,118,40,29,26,26,20
"466",14000US47065002300,128,58,20,28,0,12
"467",14000US47065002400,155,79,0,17,0,17
"468",14000US47065002500,306,128,113,79,0,17
"469",14000US47065002600,183,74,42,32,0,12
"470",14000US47065002800,359,133,246,131,0,12
"471",14000US47065002900,177,90,46,62,5,8
"472",14000US47065003000,128,61,92,53,6,9
"473",14000US47065003100,218,76,70,51,101,56
"474",14000US47065003200,259,95,28,44,0,12
"475",14000US47065003300,384,195,69,79,39,63
"476",14000US47065003400,351,163,318,160,0,12
"477",14000US47065010101,165,122,30,42,43,66
"478",14000US47065010103,215,101,0,12,0,12
"479",14000US47065010104,254,98,24,39,97,69
"480",14000US47065010201,119,87,0,12,8,14
"481",14000US47065010202,218,95,19,31,62,61
"482",14000US47065010303,55,61,0,12,44,58
"483",14000US47065010304,205,106,70,64,84,90
"484",14000US47065010305,112,62,22,35,53,54
"485",14000US47065010306,0,12,0,12,0,12
"486",14000US47065010307,426,161,56,68,0,17
"487",14000US47065010411,83,90,36,56,0,17
"488",14000US47065010412,71,69,21,35,10,15
"489",14000US47065010413,69,58,33,38,9,15
"490",14000US47065010431,249,125,28,46,33,53
"491",14000US47065010432,241,123,34,57,34,56
"492",14000US47065010433,198,147,45,76,0,12
"493",14000US47065010434,120,53,0,12,0,12
"494",14000US47065010435,263,148,41,67,0,17
"495",14000US47065010501,303,166,68,86,0,17
"496",14000US47065010502,238,110,92,67,0,12
"497",14000US47065010600,84,80,28,42,0,12
"498",14000US47065010700,173,92,58,52,0,12
"499",14000US47065010800,352,131,186,96,21,34
"500",14000US47065010901,171,71,71,56,16,27
"501",14000US47065010902,34,36,0,12,0,12
"502",14000US47065010903,555,220,324,192,87,102
"503",14000US47065011001,128,54,0,12,51,38
"504",14000US47065011002,180,110,26,26,97,87
"505",14000US47065011100,200,138,43,69,62,76
"506",14000US47065011201,488,225,0,19,145,95
"507",14000US47065011203,204,107,76,61,0,17
"508",14000US47065011204,233,162,0,17,104,112
"509",14000US47065011311,293,162,154,118,0,17
"510",14000US47065011314,65,49,0,17,0,17
"511",14000US47065011321,315,169,100,108,0,17
"512",14000US47065011323,228,141,110,118,51,84
"513",14000US47065011324,15,22,0,12,0,12
"514",14000US47065011325,340,179,46,74,0,17
"515",14000US47065011326,224,122,84,95,45,69
"516",14000US47065011402,0,17,0,17,0,17
"517",14000US47065011411,151,88,22,35,24,40
"518",14000US47065011413,156,125,80,89,0,17
"519",14000US47065011442,113,60,36,42,0,12
"520",14000US47065011443,285,162,230,166,0,17
"521",14000US47065011444,236,122,123,88,0,12
"522",14000US47065011445,263,89,145,82,0,12
"523",14000US47065011446,104,88,33,54,0,12
"524",14000US47065011447,155,128,0,17,0,17
"525",14000US47065011600,300,194,101,114,0,17
"526",14000US47065011700,223,122,26,42,0,12
"527",14000US47065011800,190,135,0,17,0,17
"528",14000US47065011900,178,61,79,49,0,12
"529",14000US47065012000,67,32,0,12,21,19
"530",14000US47065012100,252,161,50,80,0,17
"531",14000US47065012200,57,63,0,12,0,12
"532",14000US47065012300,288,112,32,38,0,12
"533",14000US47065012400,237,102,77,63,43,43
"534",14000US47065980100,0,12,0,12,0,12
"535",14000US47065980200,0,12,0,12,0,12
"536",14000US47067960500,510,98,0,12,149,56
"537",14000US47067960600,369,90,54,49,37,32
"538",14000US47069950100,432,127,3,7,58,44
"539",14000US47069950200,237,69,17,25,6,10
"540",14000US47069950300,406,127,109,86,17,28
"541",14000US47069950400,438,186,0,17,48,49
"542",14000US47069950500,336,101,0,12,114,64
"543",14000US47069950600,257,75,0,12,65,51
"544",14000US47071920100,510,105,0,12,225,94
"545",14000US47071920200,788,131,0,12,378,120
"546",14000US47071920300,141,79,17,28,32,39
"547",14000US47071920400,439,154,0,17,31,45
"548",14000US47071920500,857,192,0,17,502,193
"549",14000US47071920600,1207,138,0,12,1006,169
"550",14000US47073050100,403,115,0,12,183,86
"551",14000US47073050200,719,213,0,12,152,127
"552",14000US47073050301,271,129,147,111,34,56
"553",14000US47073050302,304,110,0,12,51,57
"554",14000US47073050400,386,163,42,67,9,14
"555",14000US47073050501,256,105,31,48,0,12
"556",14000US47073050502,248,95,33,39,21,34
"557",14000US47073050503,178,150,0,12,44,67
"558",14000US47073050601,230,142,111,106,71,79
"559",14000US47073050602,110,97,0,12,0,12
"560",14000US47073050700,505,112,0,12,88,71
"561",14000US47073050800,255,147,0,12,26,42
"562",14000US47073050900,290,102,22,22,42,53
"563",14000US47075930100,179,86,20,29,31,50
"564",14000US47075930200,169,67,0,12,52,37
"565",14000US47075930301,234,109,19,31,0,12
"566",14000US47075930302,160,79,49,48,18,29
"567",14000US47075930400,238,102,47,52,40,33
"568",14000US47075930500,259,91,12,14,111,61
"569",14000US47077975000,164,66,0,12,23,29
"570",14000US47077975100,181,88,0,12,12,14
"571",14000US47077975200,560,193,0,12,146,100
"572",14000US47077975300,522,205,118,104,46,69
"573",14000US47077975400,521,192,110,125,0,12
"574",14000US47077975500,338,101,1,3,70,47
"575",14000US47079969000,1451,211,0,12,1242,210
"576",14000US47079969100,194,70,0,12,44,46
"577",14000US47079969200,136,60,0,12,23,28
"578",14000US47079969300,380,115,0,12,35,48
"579",14000US47079969400,278,70,30,33,0,12
"580",14000US47079969500,221,120,110,102,0,17
"581",14000US47079969600,261,106,56,66,35,41
"582",14000US47079969700,704,137,0,12,589,133
"583",14000US47079969800,217,56,16,23,16,25
"584",14000US47081950100,398,165,44,70,119,94
"585",14000US47081950200,404,175,0,17,55,85
"586",14000US47081950301,180,100,0,12,0,12
"587",14000US47081950302,389,142,27,40,112,84
"588",14000US47081950400,259,70,0,12,84,49
"589",14000US47081950500,230,53,0,12,16,27
"590",14000US47083120100,407,85,0,12,92,53
"591",14000US47083120200,193,45,0,12,64,29
"592",14000US47083120300,746,111,12,15,495,95
"593",14000US47085130100,304,131,0,17,58,50
"594",14000US47085130200,552,66,14,22,459,84
"595",14000US47085130300,513,160,111,73,81,61
"596",14000US47085130400,487,108,9,17,241,97
"597",14000US47085130500,336,91,0,12,82,63
"598",14000US47087960100,435,75,13,16,222,70
"599",14000US47087960200,324,78,0,12,145,60
"600",14000US47087960300,405,117,13,17,138,94
"601",14000US47087960400,177,56,8,13,0,12
"602",14000US47089070100,369,160,120,109,37,32
"603",14000US47089070200,268,120,0,12,25,40
"604",14000US47089070300,317,162,153,121,35,55
"605",14000US47089070400,191,99,0,12,117,83
"606",14000US47089070500,359,172,0,12,108,112
"607",14000US47089070600,226,122,60,71,0,17
"608",14000US47089070700,594,182,28,32,419,154
"609",14000US47089070800,481,184,0,17,259,139
"610",14000US47089070900,1241,218,29,46,825,180
"611",14000US47091956000,140,57,0,12,90,54
"612",14000US47091956100,390,119,0,12,51,52
"613",14000US47091956200,523,138,28,44,283,106
"614",14000US47091956300,541,131,16,27,99,64
"615",14000US47091956400,614,178,21,32,274,143
"616",14000US47093000100,234,102,68,55,31,24
"617",14000US47093000800,312,111,223,99,0,12
"618",14000US47093000901,0,12,0,12,0,12
"619",14000US47093000902,27,30,0,12,13,21
"620",14000US47093001400,278,106,124,81,0,12
"621",14000US47093001500,161,78,0,12,0,12
"622",14000US47093001600,286,108,71,64,62,51
"623",14000US47093001700,193,86,22,35,39,50
"624",14000US47093001800,24,37,0,12,0,12
"625",14000US47093001900,224,66,125,55,0,12
"626",14000US47093002000,255,94,35,38,17,28
"627",14000US47093002100,191,104,68,62,33,40
"628",14000US47093002200,191,77,0,12,0,12
"629",14000US47093002300,211,110,0,12,23,36
"630",14000US47093002400,230,102,17,28,16,27
"631",14000US47093002600,121,71,23,35,25,41
"632",14000US47093002700,77,68,0,12,0,12
"633",14000US47093002800,339,140,150,95,0,12
"634",14000US47093002900,208,78,113,59,0,12
"635",14000US47093003000,237,142,87,98,0,17
"636",14000US47093003100,104,74,0,12,0,12
"637",14000US47093003200,289,99,66,59,29,36
"638",14000US47093003300,54,33,18,25,12,14
"639",14000US47093003400,187,102,55,53,0,12
"640",14000US47093003500,321,190,15,24,64,83
"641",14000US47093003700,210,98,92,74,27,45
"642",14000US47093003801,142,103,74,81,0,12
"643",14000US47093003802,112,74,0,12,0,12
"644",14000US47093003901,108,78,32,51,0,12
"645",14000US47093003902,115,73,33,39,0,12
"646",14000US47093004000,142,132,37,61,50,81
"647",14000US47093004100,175,101,55,61,29,42
"648",14000US47093004200,149,105,0,12,36,58
"649",14000US47093004300,228,124,96,83,0,12
"650",14000US47093004401,155,107,31,46,46,70
"651",14000US47093004403,310,166,169,118,0,17
"652",14000US47093004404,196,101,21,33,8,14
"653",14000US47093004500,235,157,45,73,15,24
"654",14000US47093004606,104,99,35,54,17,29
"655",14000US47093004607,150,106,47,72,0,17
"656",14000US47093004608,97,70,45,47,0,12
"657",14000US47093004609,230,141,57,73,43,68
"658",14000US47093004610,260,176,228,175,0,17
"659",14000US47093004611,8,14,0,12,0,12
"660",14000US47093004612,90,80,0,12,29,43
"661",14000US47093004613,204,152,51,74,0,17
"662",14000US47093004614,58,56,0,12,29,47
"663",14000US47093004615,27,42,27,42,0,12
"664",14000US47093004700,106,74,0,12,22,36
"665",14000US47093004800,228,150,54,84,57,90
"666",14000US47093004900,305,189,150,138,0,17
"667",14000US47093005000,185,94,0,12,30,39
"668",14000US47093005100,242,175,0,17,96,107
"669",14000US47093005201,206,123,0,17,0,17
"670",14000US47093005202,135,65,24,40,0,12
"671",14000US47093005301,133,80,28,45,0,12
"672",14000US47093005302,106,62,0,12,0,12
"673",14000US47093005401,227,116,0,12,55,70
"674",14000US47093005402,210,98,0,12,86,67
"675",14000US47093005501,102,56,0,12,31,39
"676",14000US47093005502,150,76,61,50,13,22
"677",14000US47093005602,205,103,25,35,17,27
"678",14000US47093005603,153,86,8,13,9,15
"679",14000US47093005604,165,92,0,12,13,20
"680",14000US47093005701,29,34,0,12,0,12
"681",14000US47093005704,156,137,50,80,0,17
"682",14000US47093005706,194,116,84,65,30,46
"683",14000US47093005707,140,73,112,68,0,12
"684",14000US47093005708,114,71,23,36,10,18
"685",14000US47093005709,121,60,38,59,10,17
"686",14000US47093005710,66,38,0,12,30,30
"687",14000US47093005711,59,52,0,17,23,36
"688",14000US47093005712,324,155,72,82,0,17
"689",14000US47093005803,23,32,0,12,0,12
"690",14000US47093005807,76,68,0,12,25,40
"691",14000US47093005808,75,72,0,17,33,52
"692",14000US47093005809,46,70,0,17,0,17
"693",14000US47093005810,20,30,20,30,0,12
"694",14000US47093005811,97,85,0,12,27,44
"695",14000US47093005812,86,81,0,17,0,17
"696",14000US47093005813,94,105,0,17,41,65
"697",14000US47093005903,195,92,0,12,26,30
"698",14000US47093005904,230,165,0,17,0,17
"699",14000US47093005905,104,58,16,26,18,29
"700",14000US47093005906,82,43,7,11,21,31
"701",14000US47093005907,127,87,23,36,37,59
"702",14000US47093005908,154,100,28,44,0,17
"703",14000US47093006001,134,99,0,12,0,12
"704",14000US47093006002,78,82,0,17,0,17
"705",14000US47093006003,83,73,0,12,0,12
"706",14000US47093006102,193,142,28,43,0,17
"707",14000US47093006103,177,106,0,12,0,12
"708",14000US47093006104,75,96,0,17,0,17
"709",14000US47093006202,131,78,0,12,0,12
"710",14000US47093006203,93,100,46,71,0,17
"711",14000US47093006205,181,91,27,40,0,12
"712",14000US47093006206,36,41,11,17,0,17
"713",14000US47093006207,33,40,0,12,0,12
"714",14000US47093006208,56,88,0,17,0,17
"715",14000US47093006301,159,103,0,12,29,45
"716",14000US47093006302,103,73,50,50,24,37
"717",14000US47093006401,147,88,0,12,0,12
"718",14000US47093006402,174,90,23,36,23,37
"719",14000US47093006403,25,39,0,12,0,12
"720",14000US47093006501,267,99,62,50,23,27
"721",14000US47093006502,203,94,30,42,24,39
"722",14000US47093006600,248,74,36,41,22,28
"723",14000US47093006700,393,91,65,48,7,12
"724",14000US47093006800,474,188,216,141,65,76
"725",14000US47093006900,501,188,268,153,107,82
"726",14000US47093007000,215,73,40,37,0,12
"727",14000US47093007100,393,121,41,38,8,13
"728",14000US47095960100,272,93,30,34,72,51
"729",14000US47095960200,92,44,18,18,9,15
"730",14000US47097050100,176,68,19,31,92,48
"731",14000US47097050200,194,75,55,50,0,12
"732",14000US47097050300,148,80,8,15,0,12
"733",14000US47097050400,247,74,0,12,61,35
"734",14000US47097050503,151,59,15,24,0,12
"735",14000US47097050504,173,84,89,59,21,33
"736",14000US47097050505,316,107,107,73,0,12
"737",14000US47097050506,90,50,12,19,0,12
"738",14000US47097050600,147,51,13,15,0,12
"739",14000US47099960100,294,116,20,30,0,12
"740",14000US47099960200,158,76,8,15,29,31
"741",14000US47099960300,259,117,0,17,7,11
"742",14000US47099960401,210,117,0,17,37,59
"743",14000US47099960402,211,87,20,33,10,17
"744",14000US47099960501,189,79,83,59,21,33
"745",14000US47099960502,203,85,13,21,0,12
"746",14000US47099960600,173,58,0,12,13,21
"747",14000US47099960700,241,80,0,12,60,47
"748",14000US47099960800,239,107,0,12,57,64
"749",14000US47099960900,123,53,0,12,39,35
"750",14000US47101970100,358,115,0,12,62,65
"751",14000US47101970200,475,212,0,17,11,20
"752",14000US47103975000,197,64,0,12,20,25
"753",14000US47103975100,131,68,0,12,14,22
"754",14000US47103975200,181,71,0,12,49,37
"755",14000US47103975300,400,236,84,85,0,17
"756",14000US47103975400,226,89,12,18,28,34
"757",14000US47103975500,363,202,0,12,0,12
"758",14000US47103975601,105,79,0,17,13,23
"759",14000US47103975602,219,124,24,34,0,12
"760",14000US47103975700,175,88,0,12,51,56
"761",14000US47105060100,205,108,0,17,25,38
"762",14000US47105060201,18,22,0,12,0,12
"763",14000US47105060202,430,177,188,150,23,37
"764",14000US47105060301,169,92,36,52,45,49
"765",14000US47105060302,234,133,0,17,43,70
"766",14000US47105060400,264,119,0,17,134,105
"767",14000US47105060501,469,275,0,17,241,201
"768",14000US47105060502,199,74,0,12,47,41
"769",14000US47105060600,243,93,9,15,41,43
"770",14000US47105060700,183,82,0,12,11,16
"771",14000US47107970101,343,191,71,79,0,17
"772",14000US47107970102,178,66,48,48,15,15
"773",14000US47107970200,207,125,54,76,0,17
"774",14000US47107970300,150,91,24,36,0,12
"775",14000US47107970401,106,66,0,12,12,19
"776",14000US47107970402,233,123,87,84,57,71
"777",14000US47107970500,180,53,37,36,9,13
"778",14000US47107970600,432,181,63,82,13,21
"779",14000US47107970700,385,129,0,12,109,79
"780",14000US47107970800,400,168,60,78,66,72
"781",14000US47109930100,402,124,0,12,56,60
"782",14000US47109930200,196,55,0,12,44,28
"783",14000US47109930300,347,89,9,14,74,64
"784",14000US47109930400,66,35,1,3,0,12
"785",14000US47109930500,344,182,27,42,151,123
"786",14000US47109930600,327,83,9,11,59,48
"787",14000US47109930700,356,100,0,12,102,73
"788",14000US47111970100,349,100,44,48,150,82
"789",14000US47111970200,253,142,0,17,13,22
"790",14000US47111970300,276,173,0,17,0,17
"791",14000US47111970400,291,126,22,36,8,13
"792",14000US47113000100,193,100,87,74,0,12
"793",14000US47113000200,485,193,327,160,0,17
"794",14000US47113000300,258,125,117,90,0,12
"795",14000US47113000400,187,108,69,51,0,12
"796",14000US47113000500,257,100,103,75,0,12
"797",14000US47113000600,209,59,38,33,0,12
"798",14000US47113000700,346,119,124,86,0,12
"799",14000US47113000800,168,63,76,52,0,12
"800",14000US47113000900,272,102,44,50,25,41
"801",14000US47113001000,256,70,52,37,0,12
"802",14000US47113001100,98,45,45,39,0,12
"803",14000US47113001300,343,150,0,17,0,17
"804",14000US47113001401,130,50,13,21,18,23
"805",14000US47113001402,95,47,0,12,18,27
"806",14000US47113001501,48,52,0,17,0,17
"807",14000US47113001502,204,128,0,17,32,54
"808",14000US47113001603,8,11,8,11,0,12
"809",14000US47113001604,53,48,22,35,22,33
"810",14000US47113001605,150,67,52,43,36,39
"811",14000US47113001606,427,229,208,185,0,17
"812",14000US47113001607,207,155,137,117,0,17
"813",14000US47113001608,64,31,8,14,12,15
"814",14000US47113001609,53,41,0,12,0,12
"815",14000US47113001610,119,100,0,17,0,17
"816",14000US47113001700,113,49,0,12,15,25
"817",14000US47113001800,169,90,0,12,0,12
"818",14000US47113001900,268,102,0,12,26,41
"819",14000US47115050101,342,91,30,26,159,75
"820",14000US47115050102,325,140,21,24,14,22
"821",14000US47115050201,209,109,31,51,38,47
"822",14000US47115050202,388,199,66,78,105,117
"823",14000US47115050301,320,121,49,60,29,26
"824",14000US47115050302,309,112,9,14,238,112
"825",14000US47117955000,237,127,0,17,17,26
"826",14000US47117955100,314,168,0,17,54,85
"827",14000US47117955200,168,120,39,61,39,47
"828",14000US47117955300,249,96,83,65,0,12
"829",14000US47117955400,110,65,15,26,0,12
"830",14000US47117955500,267,85,2,5,42,39
"831",14000US47119010100,227,91,74,67,26,38
"832",14000US47119010201,49,78,0,17,0,17
"833",14000US47119010202,184,146,49,77,0,19
"834",14000US47119010301,92,83,24,40,0,17
"835",14000US47119010302,70,52,0,12,0,12
"836",14000US47119010400,175,146,69,104,15,25
"837",14000US47119010500,399,154,182,98,0,12
"838",14000US47119010600,234,98,41,47,0,17
"839",14000US47119010700,264,126,48,52,0,12
"840",14000US47119010801,78,69,21,33,0,12
"841",14000US47119010802,243,129,104,95,0,17
"842",14000US47119010900,164,98,52,60,0,12
"843",14000US47119011001,90,80,0,12,0,12
"844",14000US47119011002,318,155,43,68,53,70
"845",14000US47119011101,135,76,0,12,24,37
"846",14000US47119011102,105,83,68,72,0,12
"847",14000US47119011200,162,120,34,56,38,61
"848",14000US47121960100,406,108,80,69,207,92
"849",14000US47121960200,213,75,49,54,78,51
"850",14000US47121960300,331,96,0,12,170,77
"851",14000US47123925000,492,160,23,22,212,134
"852",14000US47123925100,457,171,45,70,142,116
"853",14000US47123925200,277,136,77,91,31,48
"854",14000US47123925300,398,186,0,17,15,23
"855",14000US47123925400,560,215,114,119,236,156
"856",14000US47123925501,382,125,16,15,228,99
"857",14000US47123925502,682,200,39,50,300,155
"858",14000US47125100100,158,64,125,60,16,25
"859",14000US47125100200,210,75,100,53,26,29
"860",14000US47125100300,217,142,91,103,0,17
"861",14000US47125100400,298,110,96,66,0,12
"862",14000US47125100500,173,126,173,126,0,12
"863",14000US47125100601,58,51,0,12,0,12
"864",14000US47125100602,206,106,83,74,0,12
"865",14000US47125100700,136,62,0,12,17,25
"866",14000US47125100800,217,72,64,45,15,22
"867",14000US47125100900,401,116,114,87,0,12
"868",14000US47125101001,217,82,103,79,0,12
"869",14000US47125101002,112,76,38,45,0,12
"870",14000US47125101101,184,87,98,83,0,12
"871",14000US47125101102,458,167,132,125,0,17
"872",14000US47125101103,128,56,13,21,0,12
"873",14000US47125101201,118,57,51,41,14,23
"874",14000US47125101202,205,89,47,51,0,12
"875",14000US47125101303,339,188,241,160,0,19
"876",14000US47125101304,111,126,111,126,0,17
"877",14000US47125101305,125,109,31,49,0,17
"878",14000US47125101306,194,108,36,56,11,19
"879",14000US47125101307,120,51,61,40,0,12
"880",14000US47125101400,185,95,165,92,0,17
"881",14000US47125101500,556,227,39,59,0,17
"882",14000US47125101600,204,151,0,17,48,79
"883",14000US47125101700,517,190,0,17,36,56
"884",14000US47125101802,207,152,0,19,0,19
"885",14000US47125101803,409,184,156,122,0,17
"886",14000US47125101804,99,101,0,17,0,17
"887",14000US47125101902,104,70,35,38,26,31
"888",14000US47125101903,268,177,95,111,20,32
"889",14000US47125101904,66,64,0,17,8,12
"890",14000US47125102001,355,167,129,87,0,17
"891",14000US47125102002,267,157,40,66,0,17
"892",14000US47125102003,29,47,0,17,0,17
"893",14000US47125102004,216,121,120,98,0,17
"894",14000US47125102005,460,234,235,169,0,17
"895",14000US47125102006,209,162,87,98,0,17
"896",14000US47125980100,0,12,0,12,0,12
"897",14000US47127930100,251,108,0,12,71,60
"898",14000US47127930200,207,108,0,12,0,12
"899",14000US47129110100,415,122,10,11,82,59
"900",14000US47129110200,269,126,50,50,17,28
"901",14000US47129110300,177,85,51,51,6,10
"902",14000US47129110400,214,93,0,12,57,62
"903",14000US47129110500,341,122,5,8,5,8
"904",14000US47131965000,336,112,30,34,14,23
"905",14000US47131965100,92,58,22,35,21,25
"906",14000US47131965200,114,52,0,12,0,12
"907",14000US47131965300,366,132,5,8,195,107
"908",14000US47131965400,160,56,30,22,0,12
"909",14000US47131965500,156,75,0,12,54,59
"910",14000US47131965600,288,109,82,71,24,37
"911",14000US47131965700,220,142,74,115,27,44
"912",14000US47131965800,112,45,18,19,23,27
"913",14000US47131965900,57,37,0,12,0,12
"914",14000US47133950100,197,63,18,27,13,14
"915",14000US47133950200,108,48,6,10,45,35
"916",14000US47133950301,298,96,10,15,26,41
"917",14000US47133950302,117,74,0,12,9,15
"918",14000US47133950400,158,53,0,12,34,29
"919",14000US47133950500,230,148,28,43,44,72
"920",14000US47133950600,118,70,0,12,29,35
"921",14000US47135930100,805,107,4,9,517,118
"922",14000US47135930200,788,158,18,23,452,128
"923",14000US47137925100,1227,176,141,92,794,197
"924",14000US47139950100,203,69,18,28,69,48
"925",14000US47139950201,223,68,23,28,79,41
"926",14000US47139950202,389,184,26,27,55,56
"927",14000US47139950300,307,87,0,12,204,73
"928",14000US47139950400,375,98,47,39,168,76
"929",14000US47141000100,396,129,30,36,44,67
"930",14000US47141000200,0,19,0,19,0,19
"931",14000US47141000301,145,91,48,57,0,12
"932",14000US47141000302,258,140,0,17,77,84
"933",14000US47141000303,183,77,85,64,0,12
"934",14000US47141000400,163,98,26,42,28,45
"935",14000US47141000500,35,56,35,56,0,12
"936",14000US47141000600,139,73,25,30,21,24
"937",14000US47141000700,167,104,87,77,0,12
"938",14000US47141000800,265,113,75,70,0,17
"939",14000US47141000900,234,157,53,83,26,42
"940",14000US47141001000,138,73,0,12,25,40
"941",14000US47141001100,472,184,0,17,151,117
"942",14000US47141001200,235,139,0,17,10,16
"943",14000US47141001300,82,53,0,12,0,12
"944",14000US47143975000,800,214,121,122,429,192
"945",14000US47143975100,440,155,0,12,186,116
"946",14000US47143975200,234,142,0,17,0,17
"947",14000US47143975300,355,166,0,17,91,102
"948",14000US47143975401,418,191,32,54,47,75
"949",14000US47143975402,249,105,0,12,134,77
"950",14000US47145030100,144,97,0,12,0,12
"951",14000US47145030201,507,204,99,121,107,99
"952",14000US47145030202,597,182,0,17,155,123
"953",14000US47145030300,883,219,0,17,313,154
"954",14000US47145030400,758,194,32,50,196,131
"955",14000US47145030500,284,121,56,46,42,52
"956",14000US47145030600,355,111,97,75,29,34
"957",14000US47145030700,386,118,77,70,38,61
"958",14000US47145030800,508,173,84,93,69,83
"959",14000US47145030900,334,166,34,56,113,106
"960",14000US47145980100,0,12,0,12,0,12
"961",14000US47147080101,113,65,5,9,6,11
"962",14000US47147080103,62,71,37,57,0,17
"963",14000US47147080104,95,86,13,21,0,17
"964",14000US47147080200,349,163,0,17,92,91
"965",14000US47147080301,56,44,28,29,0,12
"966",14000US47147080302,203,101,24,38,0,12
"967",14000US47147080401,167,93,78,67,0,17
"968",14000US47147080402,181,108,24,41,25,39
"969",14000US47147080500,104,69,0,12,0,12
"970",14000US47147080603,154,79,0,12,51,42
"971",14000US47147080604,9,15,0,12,0,12
"972",14000US47147080605,0,12,0,12,0,12
"973",14000US47147080606,32,37,0,17,12,20
"974",14000US47147080700,77,96,0,17,0,17
"975",14000US47149040101,56,57,29,45,0,12
"976",14000US47149040102,41,44,0,12,0,12
"977",14000US47149040103,198,126,36,60,0,17
"978",14000US47149040104,0,17,0,17,0,17
"979",14000US47149040105,107,77,37,46,0,12
"980",14000US47149040200,58,62,28,45,0,12
"981",14000US47149040302,179,146,66,100,0,17
"982",14000US47149040303,71,52,34,39,7,10
"983",14000US47149040304,45,38,0,12,13,19
"984",14000US47149040305,0,12,0,12,0,12
"985",14000US47149040306,80,90,80,90,0,17
"986",14000US47149040307,97,73,28,44,0,12
"987",14000US47149040308,189,148,136,120,0,17
"988",14000US47149040403,188,122,0,17,41,64
"989",14000US47149040501,92,107,0,17,30,49
"990",14000US47149040502,177,149,135,131,0,17
"991",14000US47149040600,121,65,38,44,10,18
"992",14000US47149040701,201,206,107,167,0,19
"993",14000US47149040702,136,98,0,17,0,17
"994",14000US47149040805,208,143,0,17,0,17
"995",14000US47149040806,91,86,0,17,0,17
"996",14000US47149040807,71,107,71,107,0,17
"997",14000US47149040808,132,123,0,17,0,17
"998",14000US47149040809,88,73,0,12,0,12
"999",14000US47149040810,88,54,1,4,10,14
"1000",14000US47149040901,100,72,0,12,0,12
"1001",14000US47149040902,148,130,40,66,29,49
"1002",14000US47149040903,313,206,0,19,0,19
"1003",14000US47149040904,74,54,53,56,21,35
"1004",14000US47149040905,309,197,166,154,96,121
"1005",14000US47149041000,156,121,38,62,0,17
"1006",14000US47149041101,137,112,54,63,43,66
"1007",14000US47149041102,120,91,0,12,0,12
"1008",14000US47149041201,153,102,0,17,0,17
"1009",14000US47149041202,127,110,0,12,0,12
"1010",14000US47149041301,190,137,0,17,0,17
"1011",14000US47149041302,16,25,0,17,0,17
"1012",14000US47149041401,203,107,144,94,0,12
"1013",14000US47149041402,324,164,206,134,0,17
"1014",14000US47149041403,202,157,12,19,8,13
"1015",14000US47149041500,0,12,0,12,0,12
"1016",14000US47149041600,354,176,162,122,31,37
"1017",14000US47149041700,60,75,0,17,0,17
"1018",14000US47149041800,171,80,39,41,0,12
"1019",14000US47149041900,240,93,50,46,34,38
"1020",14000US47149042000,146,102,104,94,0,17
"1021",14000US47149042100,451,267,191,188,0,19
"1022",14000US47149042200,63,63,23,38,40,51
"1023",14000US47149042300,244,169,103,115,0,17
"1024",14000US47151975000,356,118,145,78,33,26
"1025",14000US47151975100,307,145,37,58,171,112
"1026",14000US47151975200,300,117,51,46,12,19
"1027",14000US47151975300,144,81,0,12,58,50
"1028",14000US47151975400,247,100,70,61,14,23
"1029",14000US47153060101,579,170,105,78,87,66
"1030",14000US47153060102,165,62,10,16,58,35
"1031",14000US47153060200,227,102,0,12,58,55
"1032",14000US47155080101,235,85,0,12,63,46
"1033",14000US47155080102,395,197,58,96,0,17
"1034",14000US47155080201,254,150,0,17,60,66
"1035",14000US47155080202,212,109,0,17,136,107
"1036",14000US47155080300,182,133,93,100,45,72
"1037",14000US47155080400,1105,225,130,127,618,204
"1038",14000US47155080500,701,179,190,132,268,150
"1039",14000US47155080601,237,98,0,12,136,68
"1040",14000US47155080602,751,235,132,133,424,212
"1041",14000US47155080700,1872,264,414,200,1089,238
"1042",14000US47155080801,733,88,16,26,664,94
"1043",14000US47155080802,343,138,122,109,43,68
"1044",14000US47155080901,2294,172,429,141,1384,204
"1045",14000US47155080902,2284,179,470,156,1446,235
"1046",14000US47155081000,2828,304,512,225,1853,331
"1047",14000US47155081101,2929,173,677,138,1710,197
"1048",14000US47155081102,2859,212,413,167,1808,241
"1049",14000US47155980100,0,12,0,12,0,12
"1050",14000US47157000100,287,172,85,96,104,104
"1051",14000US47157000200,124,46,60,37,0,12
"1052",14000US47157000300,140,46,15,17,0,12
"1053",14000US47157000400,270,66,28,27,13,21
"1054",14000US47157000600,377,80,65,51,0,12
"1055",14000US47157000700,560,193,100,85,0,12
"1056",14000US47157000800,226,81,32,37,0,12
"1057",14000US47157000900,298,120,29,37,7,11
"1058",14000US47157001100,358,100,54,50,0,12
"1059",14000US47157001200,199,101,57,65,0,12
"1060",14000US47157001300,506,109,125,69,0,12
"1061",14000US47157001400,129,55,12,19,6,10
"1062",14000US47157001500,230,63,32,30,0,12
"1063",14000US47157001600,125,74,59,57,0,12
"1064",14000US47157001700,303,130,65,61,0,12
"1065",14000US47157001900,239,78,38,34,0,12
"1066",14000US47157002000,116,50,28,27,0,12
"1067",14000US47157002100,90,57,29,34,0,12
"1068",14000US47157002400,316,80,107,60,0,12
"1069",14000US47157002500,280,110,21,35,0,12
"1070",14000US47157002600,183,102,75,69,57,63
"1071",14000US47157002700,140,45,52,35,0,12
"1072",14000US47157002800,161,86,23,36,0,12
"1073",14000US47157002900,376,152,0,12,0,12
"1074",14000US47157003000,327,120,40,47,54,61
"1075",14000US47157003100,229,94,49,49,33,40
"1076",14000US47157003200,240,134,102,98,0,12
"1077",14000US47157003300,83,65,23,35,9,14
"1078",14000US47157003400,175,88,56,49,0,12
"1079",14000US47157003500,264,107,85,74,23,38
"1080",14000US47157003600,402,104,237,65,0,12
"1081",14000US47157003700,145,57,82,42,13,21
"1082",14000US47157003800,73,41,55,38,0,12
"1083",14000US47157003900,157,64,104,57,0,12
"1084",14000US47157004200,337,134,42,42,88,77
"1085",14000US47157004300,185,90,93,65,27,36
"1086",14000US47157004500,64,23,15,18,0,12
"1087",14000US47157004600,129,58,71,46,0,12
"1088",14000US47157005000,96,40,11,17,0,12
"1089",14000US47157005300,546,128,122,73,0,12
"1090",14000US47157005500,557,98,55,45,0,12
"1091",14000US47157005600,325,99,78,53,0,12
"1092",14000US47157005700,282,80,14,22,0,12
"1093",14000US47157005800,199,59,36,32,12,18
"1094",14000US47157005900,346,120,25,40,0,12
"1095",14000US47157006000,210,86,15,23,0,12
"1096",14000US47157006200,325,80,26,27,0,12
"1097",14000US47157006300,81,63,24,37,9,15
"1098",14000US47157006400,74,56,37,41,0,12
"1099",14000US47157006500,259,110,120,78,0,12
"1100",14000US47157006600,133,77,25,31,10,16
"1101",14000US47157006700,469,140,61,59,0,12
"1102",14000US47157006800,303,84,69,47,0,12
"1103",14000US47157006900,317,78,24,38,0,12
"1104",14000US47157007000,499,131,161,85,0,12
"1105",14000US47157007100,185,95,46,71,0,12
"1106",14000US47157007200,71,63,25,41,31,40
"1107",14000US47157007300,335,129,233,117,21,23
"1108",14000US47157007400,268,94,59,54,0,12
"1109",14000US47157007500,142,52,22,25,0,12
"1110",14000US47157007810,578,118,98,61,0,12
"1111",14000US47157007821,857,232,194,182,0,12
"1112",14000US47157007822,113,64,0,12,0,12
"1113",14000US47157007900,612,176,129,121,0,17
"1114",14000US47157008000,254,170,49,81,0,12
"1115",14000US47157008110,519,87,151,59,0,12
"1116",14000US47157008120,438,162,113,94,0,12
"1117",14000US47157008200,371,124,122,79,26,33
"1118",14000US47157008500,151,72,0,12,0,12
"1119",14000US47157008600,312,149,71,56,77,84
"1120",14000US47157008700,176,88,22,35,21,35
"1121",14000US47157008800,364,163,118,105,0,17
"1122",14000US47157008900,384,136,236,121,0,12
"1123",14000US47157009100,84,54,17,28,0,12
"1124",14000US47157009200,156,123,82,86,0,17
"1125",14000US47157009300,367,148,78,87,0,12
"1126",14000US47157009400,133,91,48,59,0,12
"1127",14000US47157009500,286,174,65,83,0,17
"1128",14000US47157009600,210,140,51,74,0,17
"1129",14000US47157009700,173,72,53,49,19,30
"1130",14000US47157009800,220,97,67,68,22,35
"1131",14000US47157009901,260,104,21,29,37,38
"1132",14000US47157009902,545,107,200,85,0,12
"1133",14000US47157010000,288,138,68,54,0,17
"1134",14000US47157010110,1206,198,312,151,0,17
"1135",14000US47157010120,749,155,216,100,0,17
"1136",14000US47157010210,380,127,138,84,0,17
"1137",14000US47157010220,278,156,111,94,0,17
"1138",14000US47157010300,173,52,21,24,0,12
"1139",14000US47157010500,773,66,82,48,0,12
"1140",14000US47157010610,458,162,247,134,0,17
"1141",14000US47157010620,396,114,124,69,0,12
"1142",14000US47157010630,608,124,185,83,15,23
"1143",14000US47157010710,116,71,27,43,0,17
"1144",14000US47157010720,181,89,105,72,0,12
"1145",14000US47157010810,335,120,78,61,0,17
"1146",14000US47157010820,182,94,95,80,0,12
"1147",14000US47157011010,271,118,35,55,52,56
"1148",14000US47157011020,538,66,10,15,20,24
"1149",14000US47157011100,212,74,8,13,6,9
"1150",14000US47157011200,219,56,20,22,0,12
"1151",14000US47157011300,209,81,121,66,6,8
"1152",14000US47157011400,283,117,104,79,39,44
"1153",14000US47157011500,319,123,0,12,0,12
"1154",14000US47157011600,240,95,21,35,0,12
"1155",14000US47157011700,130,60,16,21,0,12
"1156",14000US47157011800,242,103,96,71,0,17
"1157",14000US47157020101,351,121,61,67,0,12
"1158",14000US47157020102,28,34,0,12,0,12
"1159",14000US47157020210,261,155,0,17,0,17
"1160",14000US47157020221,80,66,27,42,0,12
"1161",14000US47157020222,119,97,30,48,0,12
"1162",14000US47157020300,406,182,186,139,0,17
"1163",14000US47157020400,67,39,13,20,0,12
"1164",14000US47157020511,142,64,0,12,0,12
"1165",14000US47157020512,879,195,446,169,54,63
"1166",14000US47157020521,272,106,109,75,0,12
"1167",14000US47157020523,458,97,241,95,0,12
"1168",14000US47157020524,255,85,48,43,0,12
"1169",14000US47157020531,168,99,64,72,0,17
"1170",14000US47157020532,236,173,103,117,0,17
"1171",14000US47157020541,334,142,171,99,0,17
"1172",14000US47157020542,425,180,117,88,0,17
"1173",14000US47157020610,164,79,22,29,25,40
"1174",14000US47157020621,92,90,44,71,0,17
"1175",14000US47157020622,136,64,38,40,0,12
"1176",14000US47157020632,49,75,0,17,0,17
"1177",14000US47157020633,104,72,0,12,0,12
"1178",14000US47157020634,23,37,0,12,0,12
"1179",14000US47157020635,35,35,0,12,0,12
"1180",14000US47157020642,0,19,0,19,0,19
"1181",14000US47157020643,144,101,38,59,0,17
"1182",14000US47157020644,220,145,0,17,57,85
"1183",14000US47157020651,149,134,45,71,0,17
"1184",14000US47157020652,202,118,40,63,0,17
"1185",14000US47157020700,80,49,0,12,0,12
"1186",14000US47157020810,68,52,0,12,0,12
"1187",14000US47157020820,89,73,0,17,0,17
"1188",14000US47157020831,42,51,42,51,0,12
"1189",14000US47157020832,0,19,0,19,0,19
"1190",14000US47157020900,34,52,0,19,0,19
"1191",14000US47157021010,517,323,181,196,0,19
"1192",14000US47157021020,163,138,47,72,0,17
"1193",14000US47157021111,119,72,62,57,20,30
"1194",14000US47157021112,74,86,0,17,0,17
"1195",14000US47157021113,126,101,37,54,0,12
"1196",14000US47157021121,186,140,106,97,0,17
"1197",14000US47157021122,320,157,106,106,0,17
"1198",14000US47157021124,291,170,122,109,0,17
"1199",14000US47157021125,105,83,27,45,29,45
"1200",14000US47157021126,120,110,0,17,0,17
"1201",14000US47157021135,295,177,189,145,0,17
"1202",14000US47157021136,68,76,0,17,42,66
"1203",14000US47157021137,243,164,150,134,0,17
"1204",14000US47157021138,77,70,27,44,0,12
"1205",14000US47157021139,99,66,56,57,21,32
"1206",14000US47157021140,111,121,0,17,0,17
"1207",14000US47157021141,273,148,186,131,31,50
"1208",14000US47157021142,118,88,29,46,0,12
"1209",14000US47157021200,0,12,0,12,0,12
"1210",14000US47157021311,182,155,64,102,0,12
"1211",14000US47157021312,137,93,26,40,39,61
"1212",14000US47157021320,187,142,92,103,0,17
"1213",14000US47157021331,90,82,0,12,0,12
"1214",14000US47157021333,131,108,77,92,0,12
"1215",14000US47157021334,117,72,47,52,0,12
"1216",14000US47157021341,92,77,0,17,0,17
"1217",14000US47157021342,169,193,0,19,0,19
"1218",14000US47157021351,282,152,145,122,0,12
"1219",14000US47157021352,106,104,0,17,13,21
"1220",14000US47157021353,11,19,0,17,0,17
"1221",14000US47157021410,60,48,0,12,37,38
"1222",14000US47157021420,36,43,28,42,0,12
"1223",14000US47157021430,168,80,34,43,0,12
"1224",14000US47157021510,341,181,157,128,41,67
"1225",14000US47157021520,340,250,94,117,183,172
"1226",14000US47157021530,54,70,0,17,0,17
"1227",14000US47157021540,49,61,0,19,0,19
"1228",14000US47157021611,0,17,0,17,0,17
"1229",14000US47157021612,0,12,0,12,0,12
"1230",14000US47157021613,0,12,0,12,0,12
"1231",14000US47157021620,58,52,24,39,0,12
"1232",14000US47157021710,124,55,90,49,0,12
"1233",14000US47157021721,424,126,252,105,0,12
"1234",14000US47157021724,80,42,37,28,0,12
"1235",14000US47157021725,494,134,394,125,0,12
"1236",14000US47157021726,674,159,431,138,0,12
"1237",14000US47157021731,152,58,35,32,0,12
"1238",14000US47157021732,416,163,352,144,0,17
"1239",14000US47157021741,148,112,103,94,0,17
"1240",14000US47157021744,91,75,24,37,0,17
"1241",14000US47157021745,133,119,0,17,0,17
"1242",14000US47157021746,211,114,143,107,0,12
"1243",14000US47157021747,137,79,56,54,0,12
"1244",14000US47157021751,180,140,56,74,0,17
"1245",14000US47157021752,0,12,0,12,0,12
"1246",14000US47157021753,31,33,11,19,0,12
"1247",14000US47157021754,107,87,40,61,0,12
"1248",14000US47157021900,232,98,81,61,0,17
"1249",14000US47157022022,1190,143,390,107,15,24
"1250",14000US47157022023,1062,66,96,53,0,12
"1251",14000US47157022024,32,41,0,12,0,12
"1252",14000US47157022111,287,128,63,68,0,17
"1253",14000US47157022112,376,142,173,99,0,17
"1254",14000US47157022121,185,79,79,64,0,12
"1255",14000US47157022122,430,135,202,103,0,12
"1256",14000US47157022130,344,111,32,54,0,17
"1257",14000US47157022210,316,103,13,20,0,12
"1258",14000US47157022220,520,132,78,66,0,12
"1259",14000US47157022310,281,148,146,102,0,17
"1260",14000US47157022321,252,118,84,73,0,12
"1261",14000US47157022322,164,98,0,12,0,12
"1262",14000US47157022330,221,90,45,50,0,12
"1263",14000US47157022410,307,146,0,17,17,28
"1264",14000US47157022500,372,94,61,46,0,17
"1265",14000US47157022600,464,124,143,85,0,12
"1266",14000US47157022700,312,154,110,100,0,17
"1267",14000US47157980100,0,12,0,12,0,12
"1268",14000US47157980200,0,12,0,12,0,12
"1269",14000US47157980300,0,12,0,12,0,12
"1270",14000US47157980400,0,12,0,12,0,12
"1271",14000US47159975000,387,109,38,60,227,93
"1272",14000US47159975100,118,58,42,36,16,25
"1273",14000US47159975200,177,81,8,14,55,58
"1274",14000US47159975300,294,69,0,12,145,64
"1275",14000US47159975400,215,99,0,12,59,59
"1276",14000US47161110200,625,214,25,40,206,119
"1277",14000US47161110600,314,97,7,10,129,77
"1278",14000US47161110700,746,129,20,23,440,115
"1279",14000US47161980100,0,12,0,12,0,12
"1280",14000US47161980200,0,12,0,12,0,12
"1281",14000US47163040200,151,69,16,26,0,12
"1282",14000US47163040300,153,85,50,53,0,12
"1283",14000US47163040500,390,116,94,77,20,32
"1284",14000US47163040600,428,122,117,97,36,44
"1285",14000US47163040700,53,58,0,12,0,12
"1286",14000US47163040800,233,88,0,12,21,34
"1287",14000US47163040900,178,101,27,42,27,43
"1288",14000US47163041000,119,75,0,12,29,45
"1289",14000US47163041100,172,101,38,61,0,12
"1290",14000US47163041200,167,130,0,17,0,17
"1291",14000US47163041300,277,131,0,12,0,12
"1292",14000US47163041400,500,181,0,17,0,17
"1293",14000US47163041500,82,64,0,12,63,59
"1294",14000US47163041600,49,50,0,12,0,12
"1295",14000US47163041700,151,64,0,12,24,39
"1296",14000US47163041800,389,191,0,12,49,76
"1297",14000US47163041900,206,81,0,12,0,12
"1298",14000US47163042000,165,83,25,38,20,22
"1299",14000US47163042100,159,139,49,79,0,17
"1300",14000US47163042200,133,84,0,12,0,12
"1301",14000US47163042300,353,157,41,67,55,69
"1302",14000US47163042400,148,94,52,62,21,33
"1303",14000US47163042500,212,111,24,39,18,26
"1304",14000US47163042600,161,85,0,12,15,17
"1305",14000US47163042701,431,171,118,106,0,12
"1306",14000US47163042702,105,70,0,12,26,41
"1307",14000US47163042801,120,64,0,12,0,12
"1308",14000US47163042802,180,98,29,47,0,12
"1309",14000US47163042900,171,96,55,62,0,12
"1310",14000US47163043000,224,118,0,12,0,12
"1311",14000US47163043100,346,127,0,12,139,92
"1312",14000US47163043201,121,62,0,12,27,32
"1313",14000US47163043202,331,165,0,12,241,147
"1314",14000US47163043301,463,160,11,13,331,139
"1315",14000US47163043302,188,86,0,17,70,58
"1316",14000US47163043401,213,130,0,17,143,120
"1317",14000US47163043402,290,138,0,12,62,61
"1318",14000US47163043500,237,76,0,12,75,54
"1319",14000US47163043600,245,96,0,12,25,40
"1320",14000US47165020101,64,58,0,12,17,27
"1321",14000US47165020102,314,110,13,21,0,17
"1322",14000US47165020203,36,31,0,12,8,13
"1323",14000US47165020204,56,47,6,10,0,12
"1324",14000US47165020205,0,12,0,12,0,12
"1325",14000US47165020206,44,30,0,12,22,24
"1326",14000US47165020207,61,49,0,12,0,12
"1327",14000US47165020208,35,32,0,12,5,10
"1328",14000US47165020209,60,40,0,12,16,20
"1329",14000US47165020300,301,145,62,67,0,17
"1330",14000US47165020403,84,56,0,12,9,15
"1331",14000US47165020404,108,50,0,12,24,25
"1332",14000US47165020405,32,30,10,17,0,12
"1333",14000US47165020406,57,60,0,12,0,12
"1334",14000US47165020407,39,42,0,12,0,12
"1335",14000US47165020501,339,235,89,106,0,17
"1336",14000US47165020502,47,51,0,17,0,17
"1337",14000US47165020503,72,48,0,12,42,38
"1338",14000US47165020601,79,54,0,12,13,15
"1339",14000US47165020602,150,80,0,12,0,12
"1340",14000US47165020603,87,67,0,12,9,15
"1341",14000US47165020700,84,84,37,60,12,21
"1342",14000US47165020800,320,157,123,110,0,17
"1343",14000US47165020901,57,46,0,12,0,12
"1344",14000US47165020902,185,143,73,80,0,17
"1345",14000US47165020903,202,100,26,39,0,12
"1346",14000US47165021002,149,115,93,100,0,17
"1347",14000US47165021004,35,43,26,41,9,13
"1348",14000US47165021005,148,110,29,49,13,25
"1349",14000US47165021006,46,45,0,12,0,12
"1350",14000US47165021007,60,49,0,12,0,12
"1351",14000US47165021008,68,62,23,36,0,17
"1352",14000US47165021009,141,112,55,66,0,17
"1353",14000US47165021103,0,17,0,17,0,17
"1354",14000US47165021104,27,26,0,12,7,10
"1355",14000US47165021105,309,183,110,97,0,17
"1356",14000US47165021106,122,78,0,12,25,29
"1357",14000US47165021107,217,114,84,76,81,93
"1358",14000US47165021201,77,77,0,17,0,17
"1359",14000US47165021203,227,174,87,99,19,29
"1360",14000US47165021204,214,160,214,160,0,17
"1361",14000US47165021205,21,32,21,32,0,12
"1362",14000US47167040100,189,98,14,25,0,17
"1363",14000US47167040200,137,53,26,27,6,7
"1364",14000US47167040302,311,154,124,115,0,17
"1365",14000US47167040303,214,146,23,38,0,17
"1366",14000US47167040304,213,135,174,131,39,61
"1367",14000US47167040400,153,74,8,10,9,12
"1368",14000US47167040500,232,124,23,27,0,17
"1369",14000US47167040601,126,84,57,56,0,17
"1370",14000US47167040602,95,74,30,46,28,43
"1371",14000US47167040700,297,175,188,152,0,12
"1372",14000US47167040800,142,80,4,8,0,12
"1373",14000US47167040900,82,46,23,34,8,12
"1374",14000US47167041000,190,54,71,36,0,12
"1375",14000US47169090100,292,131,0,17,19,27
"1376",14000US47169090200,129,89,18,31,49,47
"1377",14000US47171080100,411,98,0,12,54,52
"1378",14000US47171080200,204,135,0,17,0,17
"1379",14000US47171080300,336,132,0,17,71,65
"1380",14000US47171080400,294,104,23,36,64,61
"1381",14000US47173040100,520,169,90,82,47,51
"1382",14000US47173040201,208,74,34,35,0,12
"1383",14000US47173040202,623,178,86,100,264,142
"1384",14000US47173040300,625,143,24,29,315,104
"1385",14000US47175925000,215,90,39,44,0,12
"1386",14000US47175925200,336,98,46,38,103,65
"1387",14000US47177930100,290,98,64,69,23,37
"1388",14000US47177930200,364,163,0,17,110,105
"1389",14000US47177930300,78,62,0,12,0,12
"1390",14000US47177930400,460,155,175,138,0,17
"1391",14000US47177930500,183,83,7,11,0,17
"1392",14000US47177930600,341,139,25,42,37,51
"1393",14000US47177930700,100,72,0,17,0,17
"1394",14000US47177930800,363,142,74,59,5,9
"1395",14000US47177930900,69,51,0,12,30,34
"1396",14000US47179060100,368,140,102,72,99,67
"1397",14000US47179060400,435,187,82,99,93,101
"1398",14000US47179060501,216,153,0,17,84,95
"1399",14000US47179060502,285,155,0,17,44,70
"1400",14000US47179060600,313,167,0,17,110,103
"1401",14000US47179060700,0,12,0,12,0,12
"1402",14000US47179060800,380,116,120,73,94,72
"1403",14000US47179060900,428,196,117,108,0,17
"1404",14000US47179061000,246,126,97,83,0,12
"1405",14000US47179061100,231,147,13,23,0,12
"1406",14000US47179061200,292,114,27,39,56,63
"1407",14000US47179061300,269,163,35,49,40,59
"1408",14000US47179061401,336,157,0,17,122,114
"1409",14000US47179061402,218,154,89,101,55,85
"1410",14000US47179061500,490,171,152,135,0,17
"1411",14000US47179061601,126,74,0,12,36,44
"1412",14000US47179061602,644,198,95,106,53,66
"1413",14000US47179061701,75,83,0,17,0,17
"1414",14000US47179061702,278,152,0,17,197,132
"1415",14000US47179061800,311,171,0,17,24,41
"1416",14000US47179061901,155,123,25,40,0,17
"1417",14000US47179061902,250,117,0,17,27,31
"1418",14000US47179062000,218,137,65,69,0,12
"1419",14000US47181950100,385,113,18,17,35,29
"1420",14000US47181950200,610,196,49,48,72,75
"1421",14000US47181950300,280,93,33,23,42,47
"1422",14000US47181950400,310,102,0,12,66,65
"1423",14000US47183968000,114,52,0,12,19,29
"1424",14000US47183968101,180,84,49,46,19,30
"1425",14000US47183968102,153,58,34,35,0,12
"1426",14000US47183968201,222,93,63,55,0,12
"1427",14000US47183968202,175,56,71,43,0,12
"1428",14000US47183968203,228,98,116,64,0,12
"1429",14000US47183968300,173,68,15,14,0,12
"1430",14000US47183968400,114,80,0,12,14,23
"1431",14000US47183968500,234,101,7,11,0,12
"1432",14000US47183968600,288,107,0,12,0,12
"1433",14000US47183968700,94,56,0,12,34,26
"1434",14000US47185935000,251,98,40,48,58,61
"1435",14000US47185935100,354,133,0,17,41,65
"1436",14000US47185935200,248,102,21,33,42,46
"1437",14000US47185935300,461,170,46,70,0,17
"1438",14000US47185935400,224,92,0,12,16,24
"1439",14000US47185935500,315,97,8,12,31,46
"1440",14000US47187050101,155,124,61,75,0,19
"1441",14000US47187050102,41,66,0,17,41,66
"1442",14000US47187050103,58,61,0,17,0,17
"1443",14000US47187050203,103,85,27,40,0,17
"1444",14000US47187050204,40,61,0,17,0,17
"1445",14000US47187050205,0,12,0,12,0,12
"1446",14000US47187050206,6,10,0,12,0,12
"1447",14000US47187050207,49,39,0,12,22,32
"1448",14000US47187050208,439,215,184,144,63,107
"1449",14000US47187050303,33,30,0,12,0,12
"1450",14000US47187050304,119,73,76,64,22,35
"1451",14000US47187050305,18,21,10,18,0,12
"1452",14000US47187050306,31,29,0,12,0,12
"1453",14000US47187050307,193,99,158,95,0,12
"1454",14000US47187050403,15,17,0,12,11,16
"1455",14000US47187050404,0,17,0,17,0,17
"1456",14000US47187050405,73,59,0,12,14,21
"1457",14000US47187050406,55,61,23,35,0,17
"1458",14000US47187050502,150,79,0,12,39,41
"1459",14000US47187050503,153,88,0,17,0,17
"1460",14000US47187050504,58,60,58,60,0,12
"1461",14000US47187050601,18,28,0,17,0,17
"1462",14000US47187050602,163,126,23,37,46,73
"1463",14000US47187050701,19,27,0,12,0,12
"1464",14000US47187050702,6,10,0,12,0,12
"1465",14000US47187050800,213,164,0,17,0,17
"1466",14000US47187050904,116,100,35,54,0,17
"1467",14000US47187050905,201,159,160,143,41,62
"1468",14000US47187050906,22,33,22,33,0,17
"1469",14000US47187050907,27,30,14,23,0,17
"1470",14000US47187050908,66,62,0,12,0,12
"1471",14000US47187050909,69,50,0,12,0,12
"1472",14000US47187051001,62,71,23,36,0,17
"1473",14000US47187051002,78,103,0,17,62,100
"1474",14000US47187051100,0,17,0,17,0,17
"1475",14000US47187051201,371,167,47,74,129,106
"1476",14000US47187051202,697,363,205,228,0,23
"1477",14000US47189030101,244,161,53,82,131,123
"1478",14000US47189030102,141,126,41,66,0,17
"1479",14000US47189030202,110,112,11,18,53,81
"1480",14000US47189030203,28,36,0,17,0,17
"1481",14000US47189030204,337,205,0,17,34,41
"1482",14000US47189030303,123,72,0,12,75,54
"1483",14000US47189030304,118,93,29,47,31,49
"1484",14000US47189030305,46,72,0,17,0,17
"1485",14000US47189030307,152,139,59,95,0,17
"1486",14000US47189030308,30,45,0,17,0,17
"1487",14000US47189030309,34,46,0,17,0,17
"1488",14000US47189030401,48,42,0,12,0,12
"1489",14000US47189030402,218,93,63,61,23,36
"1490",14000US47189030500,185,135,43,70,0,17
"1491",14000US47189030600,192,97,56,59,0,12
"1492",14000US47189030700,236,108,48,51,25,38
"1493",14000US47189030800,195,125,0,17,0,17
"1494",14000US47189030901,537,258,211,190,138,123
"1495",14000US47189030903,97,84,0,19,43,66
"1496",14000US47189030904,265,113,23,33,84,74
"1497",14000US47189031000,339,153,10,17,74,81
